id,chinese,tag,money,location,recommendCooks,recommendDrinks,rewardCardName,rewardCardEffect,punishCardName,punishCardEffect
lgl,莉格露,"甜, 生, 肉, 猎奇, 素, 清淡, 凉爽",200 - 400,"妖怪兽道, 魔法森林, 太阳花田, 辉针城","香炸蝉蜕*鸡蛋/蜂蜜/猪肉, 猩红恶魔蛋糕","果味High Ball, 果味SOUR, 淇",灯符「荧光现象」,"喷出大量萤火虫, 让店内气氛更加美妙, 客人刷新时间减少30%, 持续60秒。",蠢符「夜虫龙卷」,赶走当前所有上座的客人且不付钱。
lmy,露米娅,"饱腹, 招牌, 肉, 猎奇, 生, 流行喜爱, 下酒, 昂贵, 流行厌恶",150 - 350,"妖怪兽道, 魔法森林","炸八目鳗*鸡蛋/蝉蜕/南瓜, 豚骨拉面*蝉蜕","淇, 普通健身茶",月符「月光射线」,"随机获得图鉴中记录的三种肉类食材(如图鉴记录的肉类食材只有两种, 则获得两种)。为什么月光会产生肉,为什么最爱吃肉的露米娅会把肉送给你, 考虑这些会变笨。",暗符「境界线」,"在厨房里放出黑雾, 让你无法辨识哪些是厨具, 哪些是食柜, 持续20秒消失。"
c,橙,"重油, 水产, 烧烤, 肉, 流行喜爱, 甜, 猎奇, 灼热, 素, 流行厌恶",400 - 600,妖怪兽道,"烤八目鳗*蜂蜜, 蜜汁叉烧","淇, 梅酒",仙符「凤凰卵」,"随机自动获得三种鱼类食材, 偶然会出现高级货。为什么会产生鱼, 为什么最爱吃鱼的橙会把鱼送给你, 考虑这些会让人变得纠结。",方符「奇门遁甲」,"让顾客开始脑内撸猫, 变的平和。减少了客人的出现率。"
btaq,稗田阿求,"和风, 清淡, 高级, 文化底蕴, 汤羹, 甜, 流行喜爱, 灼热, 流行厌恶, 重油, 咸",500 - 800,"人间之里, 命莲寺","豆腐味噌*蜂蜜, 白雪*蜂蜜","雀酒, 日月星, 水獭祭",撰书「这也全都是妖怪干的吗」,"获得一张名小说家的签名色纸, 可以用来换些特别的东西!",口授「黑心店家的黑心历史」,"被阿求曝光一件经营上的糗事, 导致店内气氛一下掉落到冰点。店里的客人听到这个也会降低心情。"
sbzhy,上白泽慧音,"中华, 素, 家常, 文化底蕴, 清淡, 和风, 流行喜爱, 重油, 大份, 咸, 流行厌恶",400 - 800,"人间之里, 魔法森林, 命莲寺","豆腐味噌, 汤圆","雀酒, 日月星, 水獭祭, 梅酒, 神之麦",国符「三种神器」,"三种神器·剑
随机获得两种蔬菜。
三种神器·镜
接下来的15s内, 料理不会消耗任何材料。
三种神器·玉
打开心灵之锁, 随机解锁一名未完全解锁全部喜好的稀客的一个信息。
三种神器·乡
对你的店大加好评的慧音老师使用特报宣传你的店铺, 吸引了大量居民前来就餐。
--三种神器有四件不是常识吗？",国符「秘笈·头槌」,吃我头槌哒！被慧音老师的头槌击中将会眩晕20秒。上下左右乱打可以快速恢复。
cmhs,茨木华扇,"家常, 文化底蕴, 和风, 下酒, 实惠, 生, 辣",400 - 600,"人间之里, 魔法森林, 旧地狱, 神灵庙","豆腐味噌*土豆, 白雪*萝卜","日月星, 水獭祭, 大吟酿",「猛兽的艺术用法」,"因为华扇很满意你的料理,于是让自己驯养的老虎表演节目助兴,结果你却得到了打赏…！每隔一定时间, 在场排队和就座的客人, 每人随机打赏1-30元。",「断恶修善的禁欲考验」,"客人们被仙人强行带去修行, 没有了世俗的欲望, 在30秒内, 只会点最便宜的食物和绿茶。"
sjlzz,森近霖之助,"家常, 饱腹, 鲜, 流行喜爱, 重油, 猎奇, 下酒, 流行厌恶",250 - 400,"人间之里, 魔法森林, 太阳花田, 辉针城",豚骨拉面*海苔,"超ZUN啤酒, 神之麦",「香霖堂购物节」,"获得一张香霖堂购物7折的打折卡,仅限次日使用,过期作废。",「虚构的情报」,"已经解锁的稀客喜好信息,会随机被隐藏…"
bllm,博丽灵梦,"不可思议, 饱腹, 高级, 实惠, 甜, 流行喜爱, 流行厌恶, 昂贵, 下酒",150 - 300,"妖怪兽道, 人间之里, 博丽神社, 魔法森林, 妖怪之山","炙猪肉饭团*蜂蜜, 无意识妖怪慕斯*南瓜","玉露茶, 冬酿",梦符「二重结界」,"发动一次保护结界, 可以完全防御下一个稀客的惩罚符卡。",灵符「梦想封印」,"发动三色爆炸气团攻击你, 封印你菜单上的三个料理, 在接下来的30秒内, 无法制作。"
yccx,伊吹萃香,"肉, 下酒, 力量涌现, 小巧, 和风, 流行喜爱, 重油, 流行厌恶",600 - 800,"博丽神社, 妖怪之山, 太阳花田, 辉针城","白雪*萝卜, 力量汤*萝卜","天狗踊, 晓",酒吞奥义「鬼进酒」,"出现一只可爱的豆萃香赠送一种酒水给你, 偶然会出现超高级货 。为什么萃香会把自己最爱的酒送给你?因为酒要一起喝更快落。",「百万鬼夜行」,"出现三只可爱的豆萃香,从你的酒柜里偷走三瓶最高级的酒。明明那么可爱,为什么做些可恨的事情呢!!?"
bnmjtz,比那名居天子,"适合拍照, 素, 清淡, 甜, 果味, 传说, 流行厌恶, 昂贵, 家常, 肉, 重油, 流行喜爱",2000 - 3000,"博丽神社, 妖怪之山, 旧地狱, 神灵庙, 太阳花田, 辉针城","毛玉三色冰激凌*葡萄, 大江户船祭","风祝, 教父",「全人类的绯想天」,"源自天界的天人释放的强大能量, 能使全部正在就餐的顾客的心情暴涨至85%。",「天罚的石柱」,"从天而降的要石破坏桌椅, 吓走桌面上的客人, 该桌椅在60s内需要修理, 期间无法再使用, 所以也无法再接待新的客人。"
hml,红美铃,"力量涌现, 中华, 饱腹, 肉, 流行喜爱, 西式, 猎奇, 果味, 流行厌恶",200 - 400,红魔馆,"力量汤*南瓜, 炒肉丝*南瓜","红魔馆红茶, 玉露茶",华符「芳华绚烂」,"吃HIGH了的美铃开始表演杂耍,接下来的30秒内, 每2秒提升1点店内气氛, 且期间稀有客人完成订单后获得的好感度提高!",「NOver say no to pOnday」,"召唤出暴力熊猫,随机摧毁一张桌子,如果桌子上有客人会恐惧跑路,降低10点店内气氛值,而且在90秒内该桌由于修理而无法接待客人。"
qln,琪露诺,"甜, 猎奇, 凉爽, 流行厌恶, 适合拍照, 下酒, 昂贵, 流行喜爱, 文化底蕴",100 - 200 咱!没!钱!,"红魔馆, 妖怪之山","凉菜雕花*蝉蜕, 猩红恶魔蛋糕*冰块","果味High Ball, 果味SOUR, 冰山毛玉冻柠",「甜美的冰霜小妖精」,"随机获得三种带有“可加冰”标签的平价酒水,并且获得2-5枚冰块。",冻符「完美冻结」,"随机冻住3只厨具,如果厨具中有正在制作或完成但还未拿走的料理,则会直接被冻碎,持续30秒。"
pql,帕秋莉,"西式, 甜, 适合拍照, 梦幻, 高级, 生, 灼热, 猎奇, 咸",600 - 1000,"红魔馆, 魔法森林, 地灵殿","无意识妖怪慕斯, 毛玉三色冰激凌","淇, 普通健身茶, 教父",知识的奇妙冒险「文化之风」,"接下来的30秒内,给客人上含有“文化底蕴”标签的料理, 必然获得最高等级的评价 。",金水符「水银之毒」,"接下来制作的料理,有50%概率会变成黑暗料理, 持续30秒。"
tymh,藤原妹红,"辣, 灼热, 燃起来了, 果味, 烧烤, 昂贵, 高级, 不可思议",300 - 600,"妖怪兽道, 迷途竹林","烤蘑菇*葡萄+辣椒, 胡辣汤*葡萄","果味SOUR, 淇",不死「火鸟 凤翼天翔」,"妹红释放的火焰增加了厨具的功率,20秒内所有厨具的料理速度加快50%。",藤原「灭罪寺院伤」,"接下来的30秒,无论提供多好的料理,最高只能获得客人普通的评价。"
plshy,蓬莱山辉夜,"文化底蕴, 传说, 和风, 不可思议, 流行喜爱, 大份, 招牌, 猎奇, 流行厌恶",1000 - 1500,"迷途竹林, 辉针城","白雪*幻昙华, 华光玉煎包*月光草","大吟酿, 十四夜, 月面火箭",「永夜归返 世间开明」,增加相当于现实时间30秒的营业时间。,神宝「蓬莱的玉枝 梦色之乡」,"减少相当于现实时间30秒的营业时间,到时间时会强行终止营业。"
yfd,因幡帝,"甜, 凉爽, 流行喜爱, 梦幻, 传说, 小巧, 猎奇, 重油, 山珍, 流行厌恶",200 - 400,"博丽神社, 红魔馆, 迷途竹林, 魔法森林, 妖怪之山, 旧地狱, 地灵殿, 命莲寺, 神灵庙","毛玉三色冰激凌*幻昙华, 幻昙花糕*冰块","冰山毛玉冻柠, 红柚果汁, 妖精雨露",生机「四十叶草般的幸运」,"所有食材采集点的冷却时间清零,原地复活,并且次日进行采集活动时,可以额外获得1-2份食材。",想起「那年的素兔的恐怖」,"明明已经特别“关照”了你,但是果然还是让你把恐惧刻在DNA里才可以啊,再一次激活强买强卖功能,让你呜呼哀哉。如果胆敢不买,将发动另一张符卡--
恶作剧「Combo消失术」
中断你的Combo,并且在30秒内无法再获得Combo。"
als,爱丽丝,"家常, 甜, 文化底蕴, 高级, 西式, 肉, 重油, 饱腹, 猎奇",500 - 800,"魔法森林, 太阳花田, 辉针城","无意识妖怪慕斯, 毛玉三色冰激凌*土豆","猩红恶魔, 古明地冰激凌",「和人偶一起玩的孩子」,"爱丽丝的人偶幻化为客人, 填充剩余的全部座位。",魔符「狡猾的献祭」,"向厨房丢出一枚魔法瓶, 炸飞一个厨具, 持续60秒。"
wymls,雾雨魔理沙,"重油, 菌类, 和风, 灼热, 流行喜爱, 传说, 猎奇, 流行厌恶",3000 - 5000,"妖怪兽道, 人间之里, 博丽神社, 红魔馆, 迷途竹林, 魔法森林, 妖怪之山, 旧地狱, 地灵殿, 命莲寺, 神灵庙, 太阳花田, 辉针城, 月之都, 魔界","大江户船祭, 华光玉煎包*黄油","十四夜, 猩红恶魔",流星「超级英仙座」,"随机获得三种菌类食材, 偶尔会出现高级货。",魔符「拿来吧你」,"随机偷走2样东西, 可能是食材、料理或酒水。"
stscm,矢田寺成美,"山珍, 文化底蕴, 特产, 清淡, 和风, 饱腹, 重油",300 - 600,"魔法森林, 命莲寺","豆腐味噌, 手握寿司, 幻想佛跳墙","冬酿, 大吟酿",魔符「即席菩提」,"接下来的60秒内, 客人在结账时, 额外会支付50%的小费作为化缘。",地藏「业火教济」,"业火烧掉随机的三个Buff纸张, 其带来的效果也会随之失效。"
dfgzm,东风谷早苗,"梦幻, 甜, 适合拍照, 流行喜爱, 家常, 和风, 猎奇, 生, 重油, 灼热, 流行厌恶",400 - 600,"魔法森林, 妖怪之山, 命莲寺, 神灵庙","毛玉三色冰激凌, 豆腐味噌*蜂蜜","冰山毛玉冻柠, 古明地冰激凌, 月面火箭, 水獭祭",神德「五谷丰穰米之浴」,"引发奇迹之力, 生成三个酒水和三个食材。",奇迹「白昼新星」,"早苗释放五芒星, 使你陷入封印状态, 接下来的30秒内无法获得buff。"
hchq,河城荷取,"下酒, 咸, 水产, 高级, 猎奇, 招牌, 素, 山珍, 文化底蕴",400 - 500,妖怪之山,"秘制小鱼干*蝉蜕+萝卜, 狮子头*蝉蜕+黑盐","水獭祭, 天狗踊",河童「延展手臂」,"接下来的120秒内, 伙伴都可以通过“延展手臂”远程上菜上酒。",水符「山洪暴发」,"引发水患, 招来洪水, 巨大的波浪将会冲走随机3一5名顾客。"
qzh,犬走椛,"肉, 山珍, 下酒, 重油, 大份, 素, 清淡, 猎奇",300 - 400,妖怪之山,"炒肉丝*猪肉, 全肉盛宴*黄油","水獭祭, 天狗踊",「天狗例行小酌」,"接下来的120秒内, 将会有大量白狼天狗客人上门。",「戒严令」,"封锁前往食堂的道路, 禁止任何客人前来, 持续30秒。"
hgsn,黑谷山女,"甜, 鲜, 生, 猎奇, 适合拍照, 流行喜爱, 重油, 咸, 灼热, 流行厌恶",250 - 400,"妖怪兽道, 红魔馆, 魔法森林, 妖怪之山, 旧地狱","猩红恶魔蛋糕*鸡蛋, 兜甲蒸糕*蜂蜜","超ZUN啤酒, 淇, 风祝",「地下偶像狂欢夜」,"接下来的30秒内,排队客人会被偶像吸引,即使本日营业结束也不会离去。",细索「犍陀多绳索」,"被山女的蛛网缠住了!移动速度将会下降80%,持续30秒。"
sqplx,水桥帕露西,"肉, 酸, 辣, 咸, 鲜, 果味, 流行厌恶, 甜, 流行喜爱",300 - 400,旧地狱,"阴郁水果派, 秘制小鱼干*葡萄+猪肉","日月星, 咖啡, 淇",「嫉妒与透支」,"帕露西爆动所有在座客人的嫉妒心,捋所有在座的客人的预算拉到与在座最富客人同等的水准。",恨符「丑时参拜」,"符卡一旦发动,伙伴内心会对你赚钱却不分给她们强烈的嫉妒, 当夜结算时收取翻倍佣金。"
xxyy,星熊勇仪,"招牌, 下酒, 大份, 传说, 和风, 力量涌现, 燃起来了, 流行喜爱, 素, 小巧, 猎奇, 流行厌恶",600 - 1000,"博丽神社, 妖怪之山, 旧地狱, 地灵殿","黄金酥鱼饼*八目鳗+黑毛猪肉, 大江户船祭","超ZUN啤酒, 水獭祭, 教父, 十四夜",「接着奏乐接着舞」,"使用星熊杯将一定数量的酒水升级成更高一级的酒水。
100%升级3杯1级酒水；
75%升级2杯2级酒水；
50%升级1杯3级酒水。",四天王奥义「三步必杀」,"勇仪生成三重警戒圈,限制你的移动,持续60秒。
三步必杀·第一重:安全范围;
三步必杀·第二重·罪人之枷:移动速度下降50%,直到离开范围;
三步必杀·第三重·怪力乱神:进入该范围将被立即击量30秒。"
gmdj,古明地觉,"家常, 小巧, 甜, 梦幻, 力量涌现, 特产, 肉, 大份, 山珍, 猎奇, 灼热",500 - 600,"人间之里, 博丽神社, 红魔馆, 迷途竹林, 魔法森林, 地灵殿","燃尽布丁, 樱花布丁, 麻薯*土豆","咖啡, 普通健身茶",想起「高兴的事情」,随机发动一名已解锁稀客(不包括觉自己)的奖励符卡。,想起「不高兴的事情」,随机发动一名已解锁稀客(不包括觉自己)的惩罚符卡。
hyml,火焰猫燐,"甜, 鲜, 水产, 海味, 梦幻, 猎奇, 流行喜爱, 生, 灼热, 流行厌恶",500 - 700,"人间之里, 博丽神社, 妖怪之山, 旧地狱, 地灵殿, 命莲寺, 神灵庙","猩红恶魔蛋糕, 秘制小鱼干*蜂蜜+蝉蜕, 鱼跃龙门","果味SOUR, 果味High Ball, 淇",猫符「猫醉步」,"接下来的30秒内,给客人上合有“中酒精”标签的酒水, 必然获得最高等级的评价。",「死灰复燃」,"阿燐在离去时,将会在原先的座位上留下一只地底怨灵,继续以阿燐的兴趣爱好点单,地底怨灵无法被主动驱赶,也不会付款,只有按照正常流程进行满足才会消失"
lwlk,灵乌路空,"肉, 重油, 辣, 灼热, 力量涌现, 咸, 清淡, 菌类",500 - 800,"妖怪之山, 地灵殿","力量汤*黑盐+辣椒, 地狱激辛警告!","雀酒, 尼格罗尼",「地狱的托卡马克装置」,"接下来的60秒内,煮锅与蒸锅核功率过载,能瞬间完成料理。",狱光「扩散地狱火」,"下一次没有成功完美演唱的料理,会使该厨具发生核燃炸毁, 当晚无法使用,排队的一部分客人也会被吓得抱头鼠窜。"
ddlxs,多多良小伞,"家常, 饱腹, 甜, 猎奇, 不可思议, 力量涌现, 适合拍照, 流行喜爱, 辣, 灼热, 汤羹",150 - 300,"命莲寺, 辉针城, 太阳花田","猩红恶魔蛋糕*土豆, 烤地瓜*蝉蜕","梅酒, 冬酿",雨符「雨夜怪谈」,"接下来30秒内,带有“猎奇”标签的食物制作速度提高30%且额外提供30%续单率。",「超极巨幻影唐伞」,"小伞让伞妖变大出现在排队区惊吓排队人员, 所有排队中的普通客人被吓跑。"
cssm,村纱水密,"肉, 饱腹, 高级, 力量涌现, 咸, 鲜, 特产, 素, 小巧, 酸, 猎奇",400 - 600,命莲寺,"岩浆*黑盐, 狮子头*黑盐","教父, 雀酒, 鬼杀",「船灵流连不散」,"获得「船幽灵附身」状态,持续15秒,拥有此状态时所获得的其他奖励符卡(不包括此符卡),都将延长有效时间,延长的长度等于获得新符卡时、本符卡的剩余时间。",溺符「深海漩涡」,"脚底引发漩涡潮旋,造成昏厥, 5秒无法行动(可通过上下左右摇杆减少时间),之后的20秒间,上下左右移动方向相反。"
fsy,封兽鵺,"招牌, 肉, 鲜, 生, 猎奇, 特产, 不可思议, 适合拍照, 流行厌恶, 酸, 西式, 流行喜爱",300 - 500,"命莲寺, 太阳花田, 辉针城, 月之都","兜甲蒸糕, 狮子头*黑盐, 惊吓!大冒险","神之麦, 大吟酿, 冬酿",开心「东方红绿蓝」,"开动飞碟转盘,必然中奖,结果为以下四种情况的一个:
红红红:接下来的15秒,无论上什么菜都必然获得最高等级的评价;
绿绿绿:接下来的15秒,食材和酒水不会被消耗;
蓝蓝蓝:接下来的15秒,收入提高100%;
红绿蓝:同时获得以上三种Buff。",恶心「东方红红蓝」,"开动飞碟转盘, 必然Miss,结果为以下四种情况的一个:
红红绿:接下来的15秒,无论上什么菜都必然获得极度不满的评价;
绿绿O:接下来的15秒,食材与酒水消耗量提高到3倍;
蓝蓝O:接下来的15秒,收入减少66%;
红红蓝:同时获得以上三种Buff。"
wbbd,物部布都,"清淡, 高级, 传说, 山珍, 燃起来了, 和风, 流行喜爱, 生, 西式, 流行厌恶",600 - 900,神灵庙,"二天一流*松露+露水, 白雪*松露+露水","普通健身茶, 水獭祭",圣童女「太阳神的贡品」,"符卡触发后的10秒内,根据客人评价获得酒水奖励:
「普通」评价获得1级酒水;
「满意」评价获得2级酒水;
「完美」评价获得3级酒水。",传薪「浴火捏盘」,"本符卡发动的30秒内,只能使用1个托盘进行服务。被禁用托盘内的还未拿走的物品会被焚毁。"
hqe,霍青娥,"素, 小巧, 传说, 甜, 不可思议, 特产, 中华, 流行喜爱, 饱腹, 重油",400 - 900,神灵庙,"樱花布丁, 毛玉熔岩豆腐*蜂蜜","淇, 古明地冰激凌, 大吟酿",邪术「天下无墙」,30秒内伙伴在食堂区域移动时可以穿过客人或障碍物。,入魔「走火入魔」,"接下来30秒,稀客进入走火入魔状态,每次结账, 无论评价高低,都有30%概率放一次惩罚符卡。如果本来就放惩罚符卡的情况,则多放一次。"
swtzg,苏我屠自古,"招牌, 家常, 饱腹, 重油, 力量涌现, 烧烤, 和风, 甜, 凉爽",500 - 600,神灵庙,"一击☆必杀*八目鳗, 豆腐味噌*八目鳗","超ZUN啤酒, 教父, 果味SOUR",雷影「电光石火」,"借助电光的加持,30秒内自己和伙伴的移动速度提升30%!",天罚「天雷暴击」,"下一次没有成功完美演唱的料理,将会引来天雷,击晕一个伙伴30秒。"
smww,射命丸文,"招牌, 家常, 肉, 下酒, 适合拍照, 和风, 流行喜爱, 西式, 流行厌恶",500 - 600,"妖怪兽道, 人间之里, 博丽神社, 红魔馆, 迷途竹林, 魔法森林, 妖怪之山, 旧地狱, 地灵殿, 命莲寺, 神灵庙, 太阳花田, 辉针城, 魔界","狮子头*土豆, 大江户船祭","教父, 天狗踊",「八衢潮流风靡幻想」,"使用报纸大肆宣传店铺,明天开始店铺变为“明星店”,3天后恢复正常。
“明星店”:提高10%客人预算与5%客流量,“招牌”标签成为流行标签。
若店铺已是明星店或当晚已宣传,则此符卡转化为「食堂风起厨神无双」成品带有“招牌”标签的今日菜单上的料理将成为明星料理。
制作明星料理时若料理时间小于5秒则瞬间完成;
在舆论的裹挟下, 追捧“流行喜爱”标签的客人食用明星料理后额外提高30%续单率,返还当单酒水消耗的预算, 并100%增加1次续单上限(增加续单上限效果每桌客人只触发一次),持续30秒。",「笔枪纸弹禁制之道」,"引发猛烈的暴风席卷食堂,接下来30秒内无法进行投掷上菜。
同时在报纸上对黑心店铺进行抨击,使明星店加成明天起消失。"
fjyx,风见幽香,"清淡, 高级, 传说, 梦幻, 不可思议, 特产, 西式, 流行喜爱, 饱腹, 咸, 灼热, 和风",1200 - 1800,太阳花田,"露水煮蛋*幻昙华, 幻昙花糕*奶油","猩红恶魔, 风祝, 梅酒",「花鸟风月群芳沐」,"在场上种下一朵鲜花并利用能力使其生长,满心情时额外种下一朵,每朵生长的鲜花每24s生产25小费。
幽香以外的稀客释放奖励符卡时,随机一朵生长的鲜花将吸收符卡之力而盛放,吸引当地出没的稀有客人造访食堂,被鲜花吸引来的稀有客人会摘走这朵鲜花。鲜花盛放期间客人用餐结束后额外提高15心情,15秒后鲜花凋谢,获得1层「落英缀裳」:可以抵挡一次中断Combo的失误。",「决斗Spark!!!!」,"用微笑的表情走到自己所在座位那一排的最上方, 然后一发魔炮将这排所有的桌子轰飞,当夜不可修复,并吓跑所有在这些位置用餐的客人。"
mdx,梅蒂欣,"招牌, 小巧, 甜, 毒, 凉爽, 梦幻, 适合拍照, 菌类, 文化底蕴",200 - 400,太阳花田,"毛玉三色冰激凌*蘑菇/香椿, 香煎双菇肉卷*蜂蜜+冰块","冰山毛玉冻柠, 咖啡",分解「剧毒中和」,"移除「凋雪花园」状态;
梅蒂欣操纵料理中可能存在的有害元素,使料理时的标签不再产生冲突,持续30秒,并立即获得带有“中酒精”标签的酒水1瓶。",铃兰「凋零花园」,"移除「剧毒中和」状态:
制作料理时铃铃会额外为料理追加特殊的“忧郁之毒”标签,食用带有该标签的食物的客人不会续单, 持续30秒。"
smzmw,少名针妙丸,"小巧, 传说, 甜, 燃起来了, 和风, 流行喜爱, 适合拍照, 文化底蕴, 大份, 西式",600 - 1200,辉针城,"海胆刺身, 二天一流*蜂蜜","冬酿, 玉露茶, 海的女儿",宝槌「通货膨胀危机」,"使用万宝槌敲击收银台,叠加1层「万宝槌之力」。万宝槌充盈的魔力将在营业结束时使营业额膨胀,第1层「万宝槌之力」使收入提高7%,之后每层使收入提高2%。",小槌「你给我变大吧」,"在万宝槌释放的魔力的影响下,身体将会被放大到原先的三倍,持续30秒。"
grzx,鬼人正邪,"下酒, 重油, 猎奇, 灼热, 不可思议, 力量涌现, 燃起来了, 流行厌恶, 高级, 流行喜爱",300 - 600,辉针城,"黄金酥鱼饼*蝉蜕, 逆转天地!","日月星, 神之麦",欺符「超限效应」,"发动令事物翻转程度的能力,颠倒客人的喜好,令全场自身以外客人的厌恶标签反转为喜好标签,持续30秒。
当场上包括排队客人在内的普通客人数量之和不少于7时,此符卡转化为逆弓
「天壤梦弓的诏敕」
使场上包括排队客人在内的普通客人额外获得1次续单上限与25%预算,每位普通客人最多可以受到此效果影响3次。",逆转「颠倒世界」,"下克上的阶级反转时间!将自身的预算与全场最高预算水平的客人预算翻转, 并在接下来的15秒内持续将自己以外的全场所有客人的预算降低到全场最低预算客人水平。"
jqyl,今泉影狼,"家常, 肉, 山珍, 凉爽, 适合拍照, 和风, 流行喜爱, 灼热",300 - 600,"迷途竹林, 辉针城","炙猪肉饭团*冰块+竹子, 全肉盛宴","日月星, 水獭祭, 大吟酿",狼魂「野性觉醒」,"唤醒客人内心深处原始的野性,使他们在接下来30秒内爱上“肉”与“山珍”标签,在对料理评分时作为自身的喜好进行评价,原本喜好这些标签的客人食用相关料理时必然触发最高评价。",饿狼「暴食的月下舞踏」,"接下来的30秒内,所有客人的料理如果没有添加“饱腹”标签,会触发最差评价,同时原本厌恶“饱腹”标签的客人,则必然触发最差评价。"
lx,铃仙,"小巧, 中华, 家常, 特产, 甜, 海味, 山珍, 昂贵, 不可思议",200 - 350,月之都,"天师板栗焖菇, 力量汤*蜂蜜+土豆","天狗踊, 果味SOUR",「月免的篝火盛宴」,"召开一场盛大的篝火盛宴,场上每只存在的兔子生成1个随机食材或1瓶随机酒水,接下来30秒内出现新的兔子时会同样生成食材或酒水。生成食材的概率为80%,生成酒水的概率为20%。",「酒醉迷乱」,"铃仙向场上打出一颗狂气之弹,持续影响场上的客人, 狂气持续30秒。受到狂气影响的客人食用高酒精以外的饮料必定给出最低评价。
批注:狂气与狂气之间会发生干涉...是什么意思?"
myfj,绵月丰姬,"甜, 果味, 文化底蕴, 高级, 和风, 凉爽, 素, 流行喜爱, 力量涌现, 山珍, 咸",1200 - 1500,月之都,"白雪*葡萄, 七色羊羹","大吟酿, 教父",方圆「山海千重」,"丰姬连接海与山,链接幻想乡的一个地点,使该区域的普通客人与稀有客人可以穿越“面”前来。
通过丰姬的能力链接的地区刷新效果分别独立, 刷新速率为原先的33%。",晦朔「天地未形」,"丰姬从当地出没稀客以及当晚邀请稀客中随机选择3个还未出现的角色,使她们“神隐”今晚无法前来夜雀食堂。"
myyj,绵月依姬,"文化底蕴, 灼热, 高级, 传说, 清淡, 小巧, 中华, 力量涌现, 菌类, 山珍",1000 - 1200,月之都,"拟尻子玉*幻昙华, 荷花鱼米盏","火鼠裘, 冰山毛玉冻柠, 水獭祭",神诏「众神谕使」,"依姬召唤神灵,附加一层「神耀桂冠」,如果本次提供的料理带有“传说”标签,则额外附加一层。
当稀有客人产生不为完美的评价时,消耗一层「神耀桂冠」引发神迹,将评价提升至完美。",诫罚「诸神圣裁」,"依姬引发神迹将部分传说封印,接下来30秒内, 带有“传说”标签的料理或使用带有“传说”标签的食材制作的料理无法被制作。"
al,爱莲,"家常, 西式, 饱腹, 梦幻, 凉爽, 甜, 重油, 生, 水产",300 - 500,魔界,"毛玉三色冰激凌, 豚骨拉面*蜂蜜","冬酿, 超ZUN啤酒",「恋爱的糖果屋」,"接下来30秒内,当完成场上客人的订单且至少获得普通评价后,在座位附近掉落一枚蓬松松糖果以供拾取。",「乌撒的猫咪」,"苏格拉底威吓场上的伙伴,使他们移动速度下降30%, 工作速度下降50%, 持续30秒。"
mm,魅魔,"鲜, 生, 菌类, 力量涌现, 水产, 山珍, 猎奇, 高级, 清淡",2000 - 3000,魔界,"牛肉鸳鸯火锅, 大江户船祭","尼格罗尼, 鬼杀",「幽冥的轮回」,"如果场上不存在「幽玄封魔阵」则生成法阵,如果存在则为法阵填充2点能量。
「幽玄封魔阵」:魅魔以外的稀客释放任意符卡时, 填充1点能量。能量达到7点时, 消耗全部能量引发梦符「时空一粟」场上所有入座客人的剩余预算回复到上限,接下来20秒内,制作料理不消耗食材且瞬间完成,客人必定给出最高评价。",「渎神的代价」,"受到恶灵缠怨:接下来30秒内无法获得夜雀之歌类Buff,且无法触发特殊厨具效果。"
lyz,露易兹,"特产, 小巧, 甜, 西式, 适合拍照, 水产, 流行喜爱, 饱腹, 重油",800 - 1000,"妖怪兽道, 人间之里, 博丽神社, 红魔馆, 迷途竹林, 魔法森林, 妖怪之山, 旧地狱, 地灵殿, 命莲寺, 神灵庙, 太阳花田, 辉针城, 魔界","毛玉三色冰激凌, 樱花布丁","风祝, 莫吉托爆浆球, 尼格罗尼",「传奇的格列佛」,"露易兹召唤一架魔法相机停留在店内,若稀有客人本尊离开时未吃饱且预算未耗尽,则相机拍下该稀客并转换为一份「旅者博客」。
当日结束后「旅者博客」解放(若拍摄时当日已结束则立即解放), 投影出其拍摄的客人形象再次光临食堂,以此方式形成的稀客影像可以使用符卡,喜好与原先无异,但预算为其离开时的预算,续单上限为其离开时剩余的可点单数。",「遗落的水晶鞋」,"当晚营业结束后, 再经过60s,将会强制驱逐店铺内的客人并关店。"
hpym,魂魄妖梦,"家常, 清淡, 鲜, 力量涌现, 咸, 重油, 猎奇",300 - 400,"妖怪兽道, 人间之里, 博丽神社, 迷途竹林",力量汤*海苔+豆腐,"红魔馆红茶, 梅酒",狱界剑「二百由旬之一闪」,"教授你高超的剑术技巧,在60秒内制作料理台的料理时能瞬间完成。",天上剑「天人之五衰」,"客人耐心衰减速度翻倍,且每2秒减少1点气氛,持续60秒。"
xxsyyz,西行寺幽幽子,"传说, 肉, 高级, 饱腹, 中华, 水产, 和风, 大份, 素, 清淡, 小巧",1300 - 1800,"博丽神社, 红魔馆, 迷途竹林, 神灵庙","大江户船祭, 华光玉煎包*南瓜+南瓜","教父, 晓, 风祝, 十四夜",「食物瞬间消失术」,"接下来直到营业结束为止,客人会瞬间吃下所有的料理。
再次触发时此符卡转化为
「墨染浮櫻化醉蝶」
幽幽子释放1/3/5/8(随使用次数提升)只蝴蝶飞向保温箱,每只蝴蝶吞噬保温箱中存储的一个料理,转化为等同于4倍料理价格的金钱(享受小费倍率加成)。",「加料加量不加价」,"接下来直到营业结束为止,所有的料理不加满5个档位的料,都会收到差评。"
ttym,饕餮尤魔,"肉, 饱腹, 大份, 高级, 传说, 鲜, 生, 不可思议, 力量涌现",9999 - 9999,"妖怪兽道, 博丽神社, 红魔馆, 迷途竹林, 魔法森林, 妖怪之山, 旧地狱, 地灵殿, 命莲寺, 神灵庙, 太阳花田, 辉针城, 月之都, 魔界","大江户船祭, 幻想佛跳墙, 岩浆","火鼠裘, 晓",「饕餮的饕餮之宴」,"所有尤魔意外的客人都只会点最贵的食物与酒水, 且这些订单不消耗预算, 持续30秒。",「刚欲兽神饕餮的晚餐」,"暴走的尤魔将会吞噬掉随机3~5个食材、1~3个酒水,并吞噬1个厨具,使该厨具当晚无法使用。
血池地狱挑战中,会额外恢复5%的HP。"
lmly,蕾米莉亚,"西式, 甜, 生, 高级, 传说, 流行喜爱, 酸, 辣, 咸, 实惠",4950 - 5000,"博丽神社, 红魔馆","无意识妖怪慕斯*鸡蛋, 大江户船祭","果味High Ball, 大吟酿, 教父, 鬼杀",红符「红色不夜城」,"蕾米莉亚以红魔之主的名义在午夜时刻召开盛宴,本日结束时使食堂进入「红色不夜城」状态(若已结束则立即触发),持续至营业结束。
「红色不夜城」：
普通客人的预算不会低于500;
伙伴的工作速度提高100%,如果是咲夜则将工作速度提高至极限;
客人的续单率提高100%;
发动时如果蕾米莉亚本人此时依然在场,则接下来60秒内不会闭店,并以300%的速率继续刷新普通客人。否则在场上的最后一位稀客离开时,依照当晚触发的奖励符卡数量召唤对应数量的妖精女仆前来。",夜符「红雾异变再临」,"蕾米莉亚展现自己的威严,释放血雾覆盖左下角的订单区域,持续60秒。"
gmdl,古明地恋,"甜, 咸, 生, 梦幻, 猎奇, 不可思议, 流行厌恶",800 - 1200,"妖怪兽道, 人间之里, 博丽神社, 红魔馆, 迷途竹林, 魔法森林, 妖怪之山, 旧地狱, 地灵殿, 命莲寺, 神灵庙, 太阳花田, 辉针城, 月之都, 魔界","猩红恶魔蛋糕, 七色羊羹","火鼠裘, 普通健身茶, 教父",「自在极意无意识」,"接下来的60秒内,顾客点单 、吃饭 、店员操作等所有需要冷却时间的动作,全部无冷却、无意识发动,达到理论速度的极限。",「自我极意无意识」,"接下来的60秒内,普客点单全部变成被恋恋遮住的盲单,需要通过查询图鉴喜好来完成。"
eytz,二岩猯藏,"家常, 肉, 水产, 下酒, 传说, 果味, 和风, 流行喜爱, 辣, 灼热",1000 - 1200,"妖怪兽道, 人间之里, 博丽神社, 命莲寺, 神灵庙","白雪, 大江户船祭","火鼠裘, 冬酿",「魔卡小狸十般变化」,"召唤若干狸猫,变化成所有就座客人的样子(不包括猯藏本人),并且重新加入到排队队列中。狸猫变化的客人,喜好与预算和变化对象无异,但所有狸猫变化成的稀有客人整晚只能释放一次变化对象的符卡。",「惩罚无良商家的最好办法」,"接下来的30秒内,收到的都是叶子变成的钱币,晚间结算时才会发现,这期间获得的金钱全部不会成为收入。用叶子付钱的行为真是太可恶了！"
byz,八云紫,"家常, 高级, 猎奇, 凉爽, 传说, 适合拍照, 汤羹, 饱腹, 菌类",4000 - 6000,"妖怪兽道, 人间之里, 红魔馆, 迷途竹林, 魔法森林, 妖怪之山, 旧地狱, 地灵殿, 命莲寺, 神灵庙, 太阳花田, 辉针城, 月之都, 魔界","大江户船祭, 汉宫藏娇","十四夜, 鬼杀, 教父",「人与妖的梦乡」,"在当日结束前触发时,冻结所有剩余时间大于44秒的Buff时间,使之不再减少,直至当日结束。
再次触发或在当日结束后触发, 所有剩余时间大于44秒的Buff时间增加当前剩余时长的10%(每种类型的Buff至多通过此符卡增加17秒)。",「现与隐的境界」,"在场上开启数个会变换位置的隙间,若接近隙间则会被吸入其中,然后随机传送到其他隙间处,同时托盘内的酒水会消失。隙间持续30秒。"
yyl,冴月麟,"水产, 中华, 家常, 辣, 流行喜爱, 生, 重油, 下酒, 流行厌恶",400 - 600,"妖怪兽道, 人间之里, 博丽神社, 红魔馆, 迷途竹林","水饺*辣椒+水产, 水煮鱼*土豆","冰山毛玉冻柠, 妖精雨露","「扶我起来,我还能吃」","在冴月麟的特殊处理下,食物被去除了高热量等有害要素,客人能够更健康的摄入营养,同时体味美食的乐趣,包括排队人物在内的在场所有客人30%增加1次额外续单,每位客人概率独立计算。通过此种方式增加的额外续单将无视预算上限。",「饭要一口一口吃才健康」,"大口吃饭有害身体健康!饭要细嚼慢咽!包括排队人物在内的所有客人,用餐时间增加到200%,但此技能效果优先级低于立刻完食类buff。"
lkx,立空汐,"昂贵, 肉, 山珍, 和风, 下酒, 力量涌现, 流行厌恶, 素, 清淡, 流行喜爱",500 - 800,"妖怪兽道, 博丽神社, 红魔馆, 迷途竹林, 妖怪之山","白雪*萝卜, 幻想佛跳墙",天狗踊,「不玩尽兴还想走?!」,"使用空间能力将在场所有就餐客人封闭起来, 只要顾客还吃得下并且有能消费得起的料理,就必须消费,直到花费额度至少到达预算的70%上限才会解除,在解除前,客人无法离开桌子,只能继续点单。持续60秒。",拷问「頞部陀」,"接下来的120秒内,制作所有含有“清淡”或“素”标签的料理,最终只能做出黑暗料理。"
syy,时焉侑,"文化底蕴, 传说, 中华, 下酒, 西式, 特产, 水产, 饱腹, 重油",1300 - 1800,"人间之里, 博丽神社","诗礼银杏*萝卜, 幻想佛跳墙, 惠灵顿牛排",尼格罗尼,因果「推理与判断之眼」,"通过能力,在120秒内辨识客人的剩余预算与点单次数。",律符「颠倒错乱」,"接下来的60秒间, 无论上的食谱如何合衬客人的心意,得到的评价都是随机的一种。"
mcg,萌澄果,"甜, 肉, 水产, 梦幻, 流行喜爱, 灼热, 猎奇, 流行厌恶",1200 - 1600,"妖怪兽道, 人间之里, 博丽神社, 红魔馆, 迷途竹林, 魔法森林, 妖怪之山, 命莲寺, 神灵庙, 太阳花田, 辉针城, 月之都, 魔界","华光玉煎包*蜂蜜+水产, 鱼跃龙门","冰山毛玉冻柠, 大吟酿, 鬼杀",,,,
bbttdsyj,蹦蹦跳跳的三妖精,"梦幻, 甜, 菌类, 小巧, 家常, 凉爽, 流行喜爱, 生, 灼热, 猎奇, 流行厌恶",300 - 400,"妖怪兽道, 人间之里, 博丽神社, 红魔馆, 迷途竹林, 妖怪之山","毛玉三色冰激凌*土豆, 樱花布丁*土豆","淇, 尼格罗尼, 冰山毛玉冻柠",,,,